Unnamed: 0,Date,Store ID,Product ID,Category,Region,Inventory Level,Units Sold,Units Ordered,Price,Discount,Weather Condition,Promotion,Competitor Pricing,Seasonality,Epidemic,Demand
189,2022-01-02,S005,P0010,Groceries,North,0,0,629,72.29,10,Snowy,1,64.1,Winter,0,182
204,2022-01-03,S001,P0005,Groceries,North,0,0,761,58.17,25,Snowy,1,57.29,Winter,0,172
215,2022-01-03,S001,P0016,Groceries,North,0,0,553,45.61,15,Snowy,1,40.77,Winter,0,193
252,2022-01-03,S003,P0013,Groceries,East,0,0,681,94.01,0,Cloudy,0,89.45,Winter,0,166
260,2022-01-03,S004,P0001,Groceries,West,0,0,0,12.83,15,Sunny,1,15.38,Winter,0,207
295,2022-01-03,S005,P0016,Toys,North,0,0,614,41.54,10,Snowy,1,36.53,Winter,0,171
346,2022-01-04,S003,P0007,Groceries,East,0,0,670,16.12,20,Sunny,1,18.73,Winter,0,170
368,2022-01-04,S004,P0009,Clothing,West,299,201,0,143.79,15,Cloudy,1,165.24,Winter,0,235
430,2022-01-05,S002,P0011,Groceries,South,559,206,568,120.94,10,Snowy,1,114.78,Winter,0,201
450,2022-01-05,S003,P0011,Electronics,East,503,243,0,130.31,25,Sunny,1,146.68,Winter,0,217
469,2022-01-05,S004,P0010,Groceries,West,597,218,784,29.29,20,Cloudy,1,31.07,Winter,0,222
568,2022-01-06,S004,P0009,Clothing,West,477,220,506,131.78,15,Snowy,1,149.1,Winter,0,198
633,2022-01-07,S002,P0014,Electronics,South,649,98,708,114.8,25,Cloudy,1,133.09,Winter,0,163
638,2022-01-07,S002,P0019,Clothing,South,595,141,770,107.35,5,Cloudy,0,128.83,Winter,0,183
653,2022-01-07,S003,P0014,Groceries,East,821,266,0,101.16,25,Sunny,1,112.75,Winter,0,225
659,2022-01-07,S003,P0020,Clothing,East,769,169,891,108.81,10,Sunny,1,93.08,Winter,0,259
673,2022-01-07,S004,P0014,Furniture,West,121,111,306,199.44,10,Cloudy,1,236.04,Winter,0,164
734,2022-01-08,S002,P0015,Clothing,South,733,217,798,75.7,20,Cloudy,1,66.84,Winter,0,188
746,2022-01-08,S003,P0007,Groceries,East,791,315,1073,20.56,25,Sunny,1,19.43,Winter,0,279
819,2022-01-09,S001,P0020,Furniture,North,507,217,786,131.7,25,Sunny,1,126.45,Winter,0,186
856,2022-01-09,S003,P0017,Furniture,East,621,179,756,119.73,25,Sunny,1,127.49,Winter,0,162
959,2022-01-10,S003,P0020,Clothing,East,168,168,979,93.11,25,Cloudy,1,81.4,Winter,0,271
1033,2022-01-11,S002,P0014,Electronics,South,939,203,919,142.46,25,Sunny,1,129.42,Winter,0,229
1044,2022-01-11,S003,P0005,Toys,East,528,181,767,21.8,25,Sunny,1,19.73,Winter,0,160
1054,2022-01-11,S003,P0015,Groceries,East,589,158,786,122.99,10,Sunny,1,110.96,Winter,0,196
1061,2022-01-11,S004,P0002,Groceries,West,0,0,372,23.33,10,Cloudy,1,26.55,Winter,0,182
1085,2022-01-11,S005,P0006,Groceries,North,817,190,1074,69.88,25,Cloudy,1,60.91,Winter,0,245
1152,2022-01-12,S003,P0013,Groceries,East,623,151,795,81.04,25,Sunny,1,97.3,Winter,0,244
1202,2022-01-13,S001,P0003,Clothing,North,655,200,895,57.76,20,Cloudy,1,66.42,Winter,0,189
1206,2022-01-13,S001,P0007,Groceries,North,625,170,730,27.05,10,Cloudy,0,31.64,Winter,0,162
1260,2022-01-13,S004,P0001,Groceries,West,774,110,694,12.04,15,Cloudy,1,13.06,Winter,0,182
1284,2022-01-13,S005,P0005,Groceries,North,338,203,497,18.2,25,Cloudy,1,20.26,Winter,0,245
1455,2022-01-15,S003,P0016,Electronics,East,232,223,582,118.07,25,Snowy,1,105.18,Winter,0,243
1493,2022-01-15,S005,P0014,Furniture,North,212,162,465,228.03,0,Sunny,0,194.94,Winter,0,161
1610,2022-01-17,S001,P0011,Furniture,North,262,115,432,183.16,20,Sunny,1,207.86,Winter,0,189
1613,2022-01-17,S001,P0014,Groceries,North,577,187,820,95.67,10,Sunny,1,112.68,Winter,0,237
1643,2022-01-17,S003,P0004,Groceries,East,519,208,665,33.19,10,Cloudy,1,32.41,Winter,0,254
1646,2022-01-17,S003,P0007,Groceries,East,589,143,761,17.93,20,Cloudy,1,16.74,Winter,0,191
1770,2022-01-18,S004,P0011,Clothing,West,771,220,731,63.72,25,Snowy,1,75.31,Winter,0,222
1830,2022-01-19,S002,P0011,Groceries,South,519,217,602,117.97,10,Sunny,0,102.44,Winter,0,191
1854,2022-01-19,S003,P0015,Groceries,East,545,175,787,128.29,0,Snowy,0,122.95,Winter,0,171
1965,2022-01-20,S004,P0006,Groceries,West,527,292,474,46.5,20,Sunny,1,55.85,Winter,0,276
1972,2022-01-20,S004,P0013,Groceries,West,290,238,661,27.14,10,Sunny,0,24.73,Winter,0,217
2006,2022-01-21,S001,P0007,Groceries,North,490,248,791,31.14,15,Sunny,1,27.36,Winter,0,219
2032,2022-01-21,S002,P0013,Groceries,South,476,247,782,26.96,15,Snowy,1,30.73,Winter,0,228
2066,2022-01-21,S004,P0007,Groceries,West,631,177,823,37.73,15,Sunny,1,35.57,Winter,0,240
2146,2022-01-22,S003,P0007,Groceries,East,736,155,788,21.18,0,Snowy,0,18.69,Winter,0,169
2286,2022-01-23,S005,P0007,Groceries,North,360,208,540,106.83,10,Snowy,1,114.52,Winter,0,233
2373,2022-01-24,S004,P0014,Furniture,West,122,122,307,173.31,20,Sunny,1,202.32,Winter,0,156
2654,2022-01-27,S003,P0015,Groceries,East,367,159,785,99.84,25,Snowy,1,116.33,Winter,0,206
2672,2022-01-27,S004,P0013,Groceries,West,627,207,638,24.94,15,Snowy,1,26.78,Winter,0,227
3260,2022-02-02,S004,P0001,Groceries,West,684,187,803,12.65,10,Sunny,1,15.22,Winter,0,179
3269,2022-02-02,S004,P0010,Groceries,West,200,164,895,32.4,10,Sunny,1,36.67,Winter,0,215
3353,2022-02-03,S003,P0014,Groceries,East,518,202,563,128.52,5,Cloudy,0,110.29,Winter,0,205
3385,2022-02-03,S005,P0006,Groceries,North,790,302,937,83.56,15,Cloudy,1,74.78,Winter,0,270
3450,2022-02-04,S003,P0011,Electronics,East,518,244,0,169.32,5,Sunny,0,149.53,Winter,0,206
3544,2022-02-05,S003,P0005,Toys,East,550,184,1007,26.89,15,Sunny,1,31.41,Winter,0,214
3570,2022-02-05,S004,P0011,Clothing,West,149,149,1013,86.49,15,Cloudy,1,73.66,Winter,0,281
3720,2022-02-07,S002,P0001,Groceries,South,546,237,742,115.63,5,Sunny,0,112.4,Winter,0,227
3868,2022-02-08,S004,P0009,Clothing,West,565,133,618,159.58,0,Sunny,0,182.83,Winter,0,210
3902,2022-02-09,S001,P0003,Clothing,North,327,316,1035,71.89,25,Sunny,1,71.52,Winter,0,292
3954,2022-02-09,S003,P0015,Groceries,East,717,172,820,115.73,10,Cloudy,0,107.0,Winter,0,172
3970,2022-02-09,S004,P0011,Clothing,West,1471,255,0,82.7,20,Sunny,1,95.39,Winter,0,315
4059,2022-02-10,S003,P0020,Clothing,East,466,217,789,96.17,10,Snowy,1,89.89,Winter,0,205
4204,2022-02-12,S001,P0005,Groceries,North,157,157,1097,78.87,10,Sunny,1,85.24,Winter,0,243
4246,2022-02-12,S003,P0007,Groceries,East,992,189,1078,19.25,25,Cloudy,1,17.55,Winter,0,248
4268,2022-02-12,S004,P0009,Clothing,West,679,164,708,131.78,20,Snowy,1,145.72,Winter,0,223
4286,2022-02-12,S005,P0007,Groceries,North,298,211,612,107.4,20,Sunny,1,118.17,Winter,0,290
4292,2022-02-12,S005,P0013,Groceries,North,436,155,865,100.0,15,Sunny,1,93.98,Winter,0,250
4344,2022-02-13,S003,P0005,Toys,East,803,210,653,23.4,25,Cloudy,1,22.47,Winter,0,187
4354,2022-02-13,S003,P0015,Groceries,East,1012,246,0,109.56,20,Cloudy,1,130.9,Winter,0,218
4441,2022-02-14,S003,P0002,Groceries,East,534,272,780,72.45,15,Sunny,1,72.07,Winter,0,231
4455,2022-02-14,S003,P0016,Electronics,East,495,216,553,125.17,20,Sunny,1,143.77,Winter,0,263
4610,2022-02-16,S001,P0011,Furniture,North,204,153,309,217.33,0,Sunny,0,197.84,Winter,0,151
4654,2022-02-16,S003,P0015,Groceries,East,586,172,872,96.48,25,Snowy,1,110.88,Winter,0,192
5006,2022-02-20,S001,P0007,Groceries,North,633,208,722,30.63,5,Sunny,0,35.6,Winter,0,188
5152,2022-02-21,S003,P0013,Groceries,East,220,220,883,93.49,15,Sunny,1,81.66,Winter,0,230
5204,2022-02-22,S001,P0005,Groceries,North,714,189,767,57.15,25,Sunny,1,68.35,Winter,0,184
5255,2022-02-22,S003,P0016,Electronics,East,225,225,524,121.1,25,Sunny,1,116.59,Winter,0,254
5360,2022-02-23,S004,P0001,Groceries,West,334,181,917,13.54,10,Sunny,1,15.35,Winter,0,205
5385,2022-02-23,S005,P0006,Groceries,North,421,175,1079,69.2,25,Sunny,1,76.49,Winter,0,264
5972,2022-03-01,S004,P0013,Groceries,West,257,179,722,26.22,10,Sunny,1,29.92,Spring,0,224
6040,2022-03-02,S003,P0001,Toys,East,155,155,548,19.31,25,Cloudy,1,21.44,Spring,0,254
6059,2022-03-02,S003,P0020,Clothing,East,385,223,936,81.61,25,Cloudy,1,70.24,Spring,0,213
6133,2022-03-03,S002,P0014,Electronics,South,616,193,711,139.41,15,Sunny,1,125.82,Spring,0,170
6252,2022-03-04,S003,P0013,Groceries,East,423,243,1081,87.78,20,Sunny,1,80.36,Spring,0,228
6260,2022-03-04,S004,P0001,Groceries,West,619,242,781,13.55,15,Sunny,1,13.45,Spring,0,208
6291,2022-03-04,S005,P0012,Furniture,North,702,186,746,150.12,10,Cloudy,1,179.83,Spring,0,155
6292,2022-03-04,S005,P0013,Groceries,North,450,218,816,88.61,25,Cloudy,1,83.34,Spring,0,252
6380,2022-03-05,S005,P0001,Groceries,North,259,233,524,14.17,20,Sunny,1,13.48,Spring,0,219
6385,2022-03-05,S005,P0006,Groceries,North,847,240,806,79.51,10,Sunny,0,73.08,Spring,0,222
6538,2022-03-07,S002,P0019,Clothing,South,598,192,870,100.69,20,Cloudy,1,88.07,Spring,0,205
6595,2022-03-07,S005,P0016,Toys,North,382,223,662,38.49,25,Sunny,1,37.87,Spring,0,213
6720,2022-03-09,S002,P0001,Groceries,South,406,253,750,95.33,20,Sunny,1,91.55,Spring,0,218
6732,2022-03-09,S002,P0013,Groceries,South,337,233,652,25.05,20,Sunny,1,28.36,Spring,0,222
6752,2022-03-09,S003,P0013,Groceries,East,1015,280,864,96.36,15,Sunny,1,94.66,Spring,0,243
6760,2022-03-09,S004,P0001,Groceries,West,745,168,975,14.82,10,Sunny,1,12.64,Spring,0,222
6802,2022-03-10,S001,P0003,Clothing,North,678,149,1075,67.39,20,Rainy,1,63.48,Spring,0,231
7032,2022-03-12,S002,P0013,Groceries,South,652,256,614,25.99,20,Sunny,1,25.65,Spring,0,216
7043,2022-03-12,S003,P0004,Groceries,East,190,190,695,23.9,25,Cloudy,1,28.86,Spring,0,213
7046,2022-03-12,S003,P0007,Groceries,East,812,177,1253,23.8,10,Cloudy,1,25.26,Spring,0,287
7085,2022-03-12,S005,P0006,Groceries,North,664,234,1005,89.94,5,Sunny,0,88.39,Spring,0,253
7222,2022-03-14,S002,P0003,Groceries,South,125,125,834,102.19,25,Cloudy,1,97.26,Spring,0,279
7330,2022-03-15,S002,P0011,Groceries,South,385,190,634,126.92,0,Sunny,0,150.73,Spring,0,199
7353,2022-03-15,S003,P0014,Groceries,East,634,216,697,125.04,10,Sunny,1,121.91,Spring,0,216
7423,2022-03-16,S002,P0004,Groceries,South,260,237,799,63.48,10,Sunny,1,62.2,Spring,0,276
7632,2022-03-18,S002,P0013,Groceries,South,390,356,1032,33.88,10,Sunny,1,36.7,Spring,0,309
7802,2022-03-20,S001,P0003,Clothing,North,532,215,889,60.67,20,Sunny,1,64.38,Spring,0,209
7841,2022-03-20,S003,P0002,Groceries,East,249,249,808,80.18,10,Sunny,1,91.07,Spring,0,275
7886,2022-03-20,S005,P0007,Groceries,North,389,340,573,122.03,15,Sunny,1,134.62,Spring,0,324
8020,2022-03-22,S002,P0001,Groceries,South,368,287,695,96.38,25,Cloudy,1,93.33,Spring,0,251
8105,2022-03-23,S001,P0006,Toys,North,552,238,669,55.93,15,Sunny,1,54.51,Spring,0,251
8260,2022-03-24,S004,P0001,Groceries,West,0,0,635,13.59,5,Sunny,0,11.99,Spring,0,166
8266,2022-03-24,S004,P0007,Groceries,West,341,184,1137,33.28,25,Sunny,1,30.52,Spring,0,239
8290,2022-03-24,S005,P0011,Electronics,North,694,202,748,105.61,0,Sunny,0,120.81,Spring,0,189
8436,2022-03-26,S002,P0017,Toys,South,540,234,798,28.61,10,Cloudy,1,25.81,Spring,0,227
8459,2022-03-26,S003,P0020,Clothing,East,786,196,815,77.9,25,Sunny,1,87.27,Spring,0,215
8469,2022-03-26,S004,P0010,Groceries,West,840,160,1031,31.77,20,Sunny,1,34.88,Spring,0,258
9013,2022-04-01,S001,P0014,Groceries,North,466,217,835,96.93,10,Cloudy,1,106.78,Spring,0,243
9506,2022-04-06,S001,P0007,Groceries,North,739,142,1006,26.82,25,Cloudy,1,32.2,Spring,0,231
9530,2022-04-06,S002,P0011,Groceries,South,37,37,706,103.55,25,Cloudy,1,91.55,Spring,0,212
9550,2022-04-06,S003,P0011,Electronics,East,279,226,465,140.35,25,Sunny,1,158.14,Spring,0,249
9602,2022-04-07,S001,P0003,Clothing,North,657,224,865,79.74,0,Sunny,0,69.78,Spring,0,208
9646,2022-04-07,S003,P0007,Groceries,East,695,191,929,17.3,25,Sunny,1,16.19,Spring,0,202
9822,2022-04-09,S002,P0003,Groceries,South,573,212,700,88.45,25,Sunny,1,95.77,Spring,0,236
9954,2022-04-10,S003,P0015,Groceries,East,654,160,877,126.11,15,Cloudy,1,139.95,Spring,0,253
10166,2022-04-12,S004,P0007,Groceries,West,714,249,713,40.5,5,Sunny,0,37.95,Spring,0,222
10169,2022-04-12,S004,P0010,Groceries,West,357,218,801,33.18,10,Sunny,1,36.04,Spring,0,225
10344,2022-04-14,S003,P0005,Toys,East,851,187,980,25.28,25,Cloudy,1,29.96,Spring,0,241
10389,2022-04-14,S005,P0010,Groceries,North,257,226,739,65.36,25,Sunny,1,76.56,Spring,0,237
10459,2022-04-15,S003,P0020,Clothing,East,218,213,906,102.89,0,Sunny,0,110.27,Spring,0,211
10546,2022-04-16,S003,P0007,Groceries,East,685,195,785,17.67,25,Cloudy,1,17.38,Spring,0,211
10641,2022-04-17,S003,P0002,Groceries,East,561,228,748,78.79,15,Sunny,1,77.98,Spring,0,269
10663,2022-04-17,S004,P0004,Groceries,West,703,253,754,59.3,25,Sunny,1,53.38,Spring,0,218
10754,2022-04-18,S003,P0015,Groceries,East,722,137,972,124.07,10,Cloudy,1,148.7,Spring,0,221
10906,2022-04-20,S001,P0007,Groceries,North,380,170,1174,32.15,20,Sunny,1,31.58,Spring,0,261
11202,2022-04-23,S001,P0003,Clothing,North,53,53,622,53.36,25,Sunny,1,50.68,Spring,1,164
11454,2022-04-25,S003,P0015,Groceries,East,957,188,0,104.38,15,Sunny,1,116.93,Spring,1,174
11568,2022-04-26,S004,P0009,Clothing,West,158,158,545,138.19,15,Cloudy,1,129.62,Spring,1,197
13234,2022-05-13,S002,P0015,Clothing,South,633,168,728,79.2,10,Sunny,1,93.03,Spring,1,180
13268,2022-05-13,S004,P0009,Clothing,West,177,177,600,117.04,20,Rainy,1,124.25,Spring,1,176
13285,2022-05-13,S005,P0006,Groceries,North,265,215,749,61.16,20,Sunny,1,66.76,Spring,1,184
13402,2022-05-15,S001,P0003,Clothing,North,817,220,646,55.34,25,Cloudy,1,64.21,Spring,1,197
13406,2022-05-15,S001,P0007,Groceries,North,639,99,746,25.44,15,Cloudy,1,28.44,Spring,1,160
13759,2022-05-18,S003,P0020,Clothing,East,584,183,663,70.18,25,Cloudy,1,60.45,Spring,1,154
13854,2022-05-19,S003,P0015,Groceries,East,66,66,692,97.1,25,Rainy,1,85.56,Spring,1,175
13970,2022-05-20,S004,P0011,Clothing,West,238,213,740,58.72,25,Rainy,1,66.68,Spring,1,189
14102,2022-05-22,S001,P0003,Clothing,North,690,161,703,63.36,10,Cloudy,0,73.14,Spring,1,179
14401,2022-05-25,S001,P0002,Clothing,North,177,177,279,89.43,15,Sunny,1,98.73,Spring,1,279
14468,2022-05-25,S004,P0009,Clothing,West,394,201,563,110.89,25,Cloudy,1,120.35,Spring,1,180
14554,2022-05-26,S003,P0015,Groceries,East,529,225,991,113.33,20,Sunny,1,97.63,Spring,0,211
15259,2022-06-02,S003,P0020,Clothing,East,680,260,871,83.15,25,Rainy,1,76.84,Summer,0,221
15293,2022-06-02,S005,P0014,Furniture,North,335,151,416,186.37,10,Sunny,0,216.82,Summer,0,144
15339,2022-06-03,S002,P0020,Furniture,South,615,167,679,170.17,15,Rainy,1,156.31,Summer,0,205
15346,2022-06-03,S003,P0007,Groceries,East,779,246,957,17.64,20,Sunny,1,19.68,Summer,0,205
15388,2022-06-03,S005,P0009,Groceries,North,15,15,768,114.62,20,Sunny,1,111.18,Summer,0,225
15413,2022-06-04,S001,P0014,Groceries,North,319,225,854,98.28,15,Cloudy,1,89.89,Summer,0,252
15453,2022-06-04,S003,P0014,Groceries,East,547,191,743,97.53,25,Rainy,1,114.59,Summer,0,209
15466,2022-06-04,S004,P0007,Groceries,West,23,23,1072,39.49,10,Sunny,1,45.65,Summer,0,258
15472,2022-06-04,S004,P0013,Groceries,West,793,285,789,28.75,10,Sunny,1,26.56,Summer,0,242
15615,2022-06-06,S001,P0016,Groceries,North,653,266,864,42.96,25,Rainy,1,50.51,Summer,0,242
15754,2022-06-07,S003,P0015,Groceries,East,879,286,1147,131.98,10,Rainy,1,159.51,Summer,0,248
15804,2022-06-08,S001,P0005,Groceries,North,719,270,1053,79.92,10,Sunny,1,68.89,Summer,0,226
15811,2022-06-08,S001,P0012,Groceries,North,298,214,490,126.48,0,Sunny,0,122.68,Summer,0,235
15860,2022-06-08,S004,P0001,Groceries,West,688,180,1250,14.0,20,Cloudy,1,15.22,Summer,0,272
15866,2022-06-08,S004,P0007,Groceries,West,1560,221,0,28.36,25,Cloudy,1,32.65,Summer,0,194
16141,2022-06-11,S003,P0002,Groceries,East,787,290,646,82.02,5,Sunny,0,95.8,Summer,0,260
16165,2022-06-11,S004,P0006,Groceries,West,294,258,686,61.05,10,Sunny,1,71.86,Summer,0,357
16252,2022-06-12,S003,P0013,Groceries,East,761,190,1075,96.44,10,Sunny,1,109.72,Summer,0,241
16254,2022-06-12,S003,P0015,Groceries,East,1000,426,1616,163.99,10,Sunny,1,187.26,Summer,0,358
16272,2022-06-12,S004,P0013,Groceries,West,454,181,879,24.48,25,Rainy,1,24.18,Summer,0,252
16289,2022-06-12,S005,P0010,Groceries,North,740,286,854,83.24,5,Cloudy,0,92.18,Summer,0,239
16385,2022-06-13,S005,P0006,Groceries,North,773,271,947,68.88,20,Rainy,1,82.79,Summer,0,233
16404,2022-06-14,S001,P0005,Groceries,North,776,167,1041,90.2,5,Sunny,0,85.8,Summer,0,256
16441,2022-06-14,S003,P0002,Groceries,East,748,279,726,64.18,25,Sunny,1,55.73,Summer,0,233
16461,2022-06-14,S004,P0002,Groceries,West,255,255,585,26.43,25,Rainy,1,25.16,Summer,0,295
16522,2022-06-15,S002,P0003,Groceries,South,504,246,877,118.74,10,Sunny,1,110.49,Summer,0,264
16546,2022-06-15,S003,P0007,Groceries,East,824,144,802,20.52,5,Rainy,0,23.31,Summer,0,197
16560,2022-06-15,S004,P0001,Groceries,West,771,188,887,15.65,5,Cloudy,0,13.44,Summer,0,222
16561,2022-06-15,S004,P0002,Groceries,West,0,0,566,27.91,20,Cloudy,1,33.71,Summer,0,316
16695,2022-06-16,S005,P0016,Toys,North,343,226,691,38.68,25,Rainy,1,37.2,Summer,0,215
16711,2022-06-17,S001,P0012,Groceries,North,527,283,452,117.11,10,Sunny,1,141.31,Summer,0,271
16785,2022-06-17,S005,P0006,Groceries,North,1016,190,1215,82.67,15,Sunny,1,91.18,Summer,0,290
16788,2022-06-17,S005,P0009,Groceries,North,240,240,723,118.3,15,Sunny,1,131.94,Summer,0,235
16883,2022-06-18,S005,P0004,Groceries,North,247,247,359,10.99,20,Rainy,1,10.41,Summer,0,309
16932,2022-06-19,S002,P0013,Groceries,South,425,225,721,28.98,10,Cloudy,1,28.69,Summer,0,213
17015,2022-06-20,S001,P0016,Groceries,North,218,195,730,43.14,25,Cloudy,1,40.64,Summer,0,222
17041,2022-06-20,S003,P0002,Groceries,East,459,204,783,83.31,5,Cloudy,0,75.57,Summer,0,243
17052,2022-06-20,S003,P0013,Groceries,East,754,177,899,90.43,20,Cloudy,1,107.26,Summer,0,265
17122,2022-06-21,S002,P0003,Groceries,South,436,218,687,106.9,0,Cloudy,0,121.84,Summer,0,195
17160,2022-06-21,S004,P0001,Groceries,West,740,211,656,12.29,20,Cloudy,1,11.54,Summer,0,193
17186,2022-06-21,S005,P0007,Groceries,North,444,320,622,110.58,15,Sunny,1,130.7,Summer,0,275
17254,2022-06-22,S003,P0015,Groceries,East,1045,217,0,130.94,10,Cloudy,1,112.83,Summer,0,222
17385,2022-06-23,S005,P0006,Groceries,North,1422,193,0,68.88,25,Rainy,1,61.8,Summer,0,239
17454,2022-06-24,S003,P0015,Groceries,East,724,249,977,130.24,10,Sunny,1,110.92,Summer,0,220
17552,2022-06-25,S003,P0013,Groceries,East,984,238,814,77.75,25,Rainy,1,86.37,Summer,0,226
17602,2022-06-26,S001,P0003,Clothing,North,605,258,1082,71.97,15,Sunny,1,78.43,Summer,0,257
17613,2022-06-26,S001,P0014,Groceries,North,790,201,697,87.28,20,Sunny,1,105.59,Summer,0,249
17660,2022-06-26,S004,P0001,Groceries,West,729,181,1182,13.43,20,Sunny,1,14.81,Summer,0,253
17669,2022-06-26,S004,P0010,Groceries,West,697,244,838,35.44,5,Sunny,0,40.21,Summer,0,230
17743,2022-06-27,S003,P0004,Groceries,East,789,279,657,26.97,25,Sunny,1,28.86,Summer,0,266
17763,2022-06-27,S004,P0004,Groceries,West,761,231,696,67.69,25,Cloudy,1,65.1,Summer,0,278
17934,2022-06-29,S002,P0015,Clothing,South,663,152,729,78.27,5,Sunny,0,92.12,Summer,1,156
18476,2022-07-04,S004,P0017,Clothing,West,157,157,207,108.34,25,Sunny,1,123.13,Summer,1,240
18665,2022-07-06,S004,P0006,Groceries,West,291,219,513,45.75,10,Sunny,1,52.53,Summer,1,216
18852,2022-07-08,S003,P0013,Groceries,East,388,134,867,98.03,0,Sunny,0,88.37,Summer,1,182
18931,2022-07-09,S002,P0012,Electronics,South,310,171,703,69.88,25,Cloudy,1,74.0,Summer,1,201
18966,2022-07-09,S004,P0007,Groceries,West,566,108,633,25.69,25,Cloudy,1,23.23,Summer,1,138
19346,2022-07-13,S003,P0007,Groceries,East,493,119,685,16.24,20,Rainy,1,14.07,Summer,1,154
19361,2022-07-13,S004,P0002,Groceries,West,0,0,373,19.06,25,Sunny,1,17.82,Summer,1,155
19404,2022-07-14,S001,P0005,Groceries,North,540,162,746,59.6,25,Cloudy,1,67.46,Summer,1,201
19538,2022-07-15,S002,P0019,Clothing,South,715,209,715,99.8,10,Cloudy,1,118.0,Summer,1,175
19759,2022-07-17,S003,P0020,Clothing,East,551,149,891,89.15,15,Rainy,1,88.61,Summer,1,198
19761,2022-07-17,S004,P0002,Groceries,West,385,212,359,21.47,20,Sunny,1,22.89,Summer,1,195
19763,2022-07-17,S004,P0004,Groceries,West,397,183,628,55.22,25,Sunny,1,65.92,Summer,1,210
19904,2022-07-19,S001,P0005,Groceries,North,738,196,632,58.33,20,Cloudy,1,62.76,Summer,1,168
20060,2022-07-20,S004,P0001,Groceries,West,535,98,710,12.41,10,Sunny,1,11.68,Summer,1,152
20332,2022-07-23,S002,P0013,Groceries,South,43,43,438,20.56,25,Sunny,1,18.93,Summer,1,151
20366,2022-07-23,S004,P0007,Groceries,West,45,45,704,33.46,0,Sunny,0,38.4,Summer,1,148
20368,2022-07-23,S004,P0009,Clothing,West,375,201,440,107.83,25,Sunny,1,116.34,Summer,1,169
20376,2022-07-23,S004,P0017,Clothing,West,169,169,274,136.96,10,Sunny,1,156.75,Summer,1,264
20468,2022-07-24,S004,P0009,Clothing,West,174,174,726,126.26,25,Rainy,1,152.47,Summer,1,233
20488,2022-07-24,S005,P0009,Groceries,North,4,4,556,98.05,20,Rainy,1,88.88,Summer,1,163
20652,2022-07-26,S003,P0013,Groceries,East,313,295,798,97.06,15,Sunny,1,92.0,Summer,0,246
20660,2022-07-26,S004,P0001,Groceries,West,729,178,700,15.46,0,Sunny,0,13.26,Summer,0,196
20788,2022-07-27,S005,P0009,Groceries,North,684,191,806,123.67,20,Rainy,1,141.63,Summer,0,283
20866,2022-07-28,S004,P0007,Groceries,West,948,198,1069,34.76,15,Sunny,1,40.26,Summer,0,226
21043,2022-07-30,S003,P0004,Groceries,East,480,241,935,36.51,5,Sunny,0,32.05,Summer,0,273
21068,2022-07-30,S004,P0009,Clothing,West,646,135,514,155.11,0,Sunny,0,175.72,Summer,0,198
21384,2022-08-02,S005,P0005,Groceries,North,412,301,464,20.9,20,Rainy,1,25.24,Summer,0,280
21415,2022-08-03,S001,P0016,Groceries,North,209,196,729,56.28,0,Sunny,0,62.38,Summer,0,234
21492,2022-08-03,S005,P0013,Groceries,North,676,306,719,108.71,10,Sunny,1,97.35,Summer,0,262
21585,2022-08-04,S005,P0006,Groceries,North,732,253,1119,65.7,25,Sunny,1,75.62,Summer,0,241
21613,2022-08-05,S001,P0014,Groceries,North,533,241,578,102.96,0,Cloudy,0,109.17,Summer,0,223
21666,2022-08-05,S004,P0007,Groceries,West,899,205,885,36.88,15,Cloudy,1,36.79,Summer,0,230
21715,2022-08-06,S001,P0016,Groceries,North,729,186,929,58.57,10,Sunny,1,70.36,Summer,0,303
21853,2022-08-07,S003,P0014,Groceries,East,667,182,753,99.09,25,Rainy,1,115.13,Summer,0,216
21854,2022-08-07,S003,P0015,Groceries,East,263,242,786,105.21,25,Rainy,1,112.43,Summer,0,228
21885,2022-08-07,S005,P0006,Groceries,North,299,299,1447,107.68,10,Cloudy,1,101.06,Summer,0,373
21888,2022-08-07,S005,P0009,Groceries,North,618,205,688,125.67,0,Cloudy,0,133.51,Summer,0,192
21943,2022-08-08,S003,P0004,Groceries,East,510,198,762,24.49,25,Cloudy,1,29.41,Summer,0,223
22004,2022-08-09,S001,P0005,Groceries,North,816,231,749,79.07,0,Sunny,0,85.54,Summer,0,199
22013,2022-08-09,S001,P0014,Groceries,North,568,204,737,105.26,10,Sunny,1,101.3,Summer,0,257
22069,2022-08-09,S004,P0010,Groceries,West,499,215,754,26.57,25,Sunny,1,31.7,Summer,0,208
22089,2022-08-09,S005,P0010,Groceries,North,500,256,869,80.9,15,Sunny,1,96.78,Summer,0,277
22160,2022-08-10,S004,P0001,Groceries,West,352,227,906,13.6,10,Sunny,0,15.61,Summer,0,207
22330,2022-08-12,S002,P0011,Groceries,South,0,0,560,110.1,20,Cloudy,1,126.52,Summer,0,233
22404,2022-08-13,S001,P0005,Groceries,North,954,231,933,74.31,15,Cloudy,1,78.59,Summer,0,242
22613,2022-08-15,S001,P0014,Groceries,North,622,218,789,86.22,20,Cloudy,1,77.18,Summer,0,221
22689,2022-08-15,S005,P0010,Groceries,North,752,213,866,73.47,20,Cloudy,1,88.66,Summer,0,260
22730,2022-08-16,S002,P0011,Groceries,South,708,335,804,132.22,15,Sunny,1,148.74,Summer,0,290
22732,2022-08-16,S002,P0013,Groceries,South,519,304,855,32.3,15,Sunny,1,32.18,Summer,0,288
22739,2022-08-16,S002,P0020,Furniture,South,287,198,563,158.84,15,Sunny,1,187.08,Summer,0,198
22746,2022-08-16,S003,P0007,Groceries,East,752,204,719,16.06,25,Rainy,1,14.54,Summer,0,173
22792,2022-08-16,S005,P0013,Groceries,North,577,222,850,97.61,15,Cloudy,1,94.11,Summer,0,239
22815,2022-08-17,S001,P0016,Groceries,North,410,285,805,53.65,20,Cloudy,1,47.85,Summer,0,292
22853,2022-08-17,S003,P0014,Groceries,East,581,198,889,148.96,0,Cloudy,0,168.88,Summer,0,270
22854,2022-08-17,S003,P0015,Groceries,East,436,268,1028,136.82,10,Cloudy,1,163.97,Summer,0,265
23044,2022-08-19,S003,P0005,Toys,East,584,202,806,22.52,25,Cloudy,1,20.1,Summer,0,172
23143,2022-08-20,S003,P0004,Groceries,East,711,261,627,28.32,15,Sunny,1,30.37,Summer,0,232
23188,2022-08-20,S005,P0009,Groceries,North,293,243,974,153.84,15,Cloudy,1,130.87,Summer,0,338
23246,2022-08-21,S003,P0007,Groceries,East,821,214,787,20.04,15,Cloudy,1,21.97,Summer,0,233
23322,2022-08-22,S002,P0003,Groceries,South,591,245,635,113.08,5,Sunny,0,130.51,Summer,0,240
23328,2022-08-22,S002,P0009,Groceries,South,346,219,763,87.9,25,Sunny,1,83.75,Summer,0,336
23330,2022-08-22,S002,P0011,Groceries,South,520,308,937,115.62,25,Sunny,1,136.59,Summer,0,285
23354,2022-08-22,S003,P0015,Groceries,East,878,260,1020,130.5,5,Sunny,0,145.26,Summer,0,219
23466,2022-08-23,S004,P0007,Groceries,West,700,216,902,34.22,15,Cloudy,1,32.35,Summer,0,198
23480,2022-08-23,S005,P0001,Groceries,North,423,239,622,15.49,20,Cloudy,1,16.4,Summer,0,283
23610,2022-08-25,S001,P0011,Furniture,North,387,133,394,221.73,0,Sunny,0,260.6,Summer,0,177
23680,2022-08-25,S005,P0001,Groceries,North,741,306,0,13.77,25,Sunny,1,15.3,Summer,0,258
23684,2022-08-25,S005,P0005,Groceries,North,414,350,680,28.21,10,Sunny,1,24.57,Summer,0,347
23689,2022-08-25,S005,P0010,Groceries,North,390,225,831,67.51,25,Sunny,1,71.89,Summer,0,251
23730,2022-08-26,S002,P0011,Groceries,South,789,209,641,115.51,20,Rainy,1,136.46,Summer,0,254
23754,2022-08-26,S003,P0015,Groceries,East,1281,265,0,121.06,15,Cloudy,1,144.07,Summer,0,235
23788,2022-08-26,S005,P0009,Groceries,North,1042,312,0,118.84,25,Rainy,1,107.46,Summer,0,270
23892,2022-08-27,S005,P0013,Groceries,North,205,205,1000,104.76,25,Sunny,1,89.59,Summer,0,335
23960,2022-08-28,S004,P0001,Groceries,West,689,189,866,13.15,20,Sunny,1,12.19,Summer,0,221
23962,2022-08-28,S004,P0003,Furniture,West,288,183,726,153.43,25,Sunny,1,172.19,Summer,0,204
24190,2022-08-30,S005,P0011,Electronics,North,628,219,860,109.35,0,Cloudy,0,95.18,Summer,0,182
24354,2022-09-01,S003,P0015,Groceries,East,428,209,923,125.0,10,Snowy,1,145.23,Autumn,0,224
24369,2022-09-01,S004,P0010,Groceries,West,632,219,853,30.61,15,Sunny,1,35.47,Autumn,0,215
24446,2022-09-02,S003,P0007,Groceries,East,753,143,680,16.53,25,Snowy,1,18.57,Autumn,0,205
24502,2022-09-03,S001,P0003,Clothing,North,583,341,1301,68.02,25,Sunny,1,77.16,Autumn,0,290
24606,2022-09-04,S001,P0007,Groceries,North,552,168,1204,30.23,20,Cloudy,1,32.45,Autumn,0,256
24731,2022-09-05,S002,P0012,Electronics,South,989,263,973,95.22,10,Sunny,1,88.98,Autumn,0,233
24860,2022-09-06,S004,P0001,Groceries,West,460,196,715,10.48,25,Sunny,1,12.25,Autumn,0,176
25060,2022-09-08,S004,P0001,Groceries,West,127,127,829,14.33,15,Sunny,1,12.56,Autumn,0,232
25170,2022-09-09,S004,P0011,Clothing,West,723,216,934,69.84,20,Sunny,1,78.55,Autumn,0,234
25353,2022-09-11,S003,P0014,Groceries,East,224,224,900,107.1,25,Cloudy,1,125.89,Autumn,0,250
25563,2022-09-13,S004,P0004,Groceries,West,543,244,753,69.89,15,Sunny,1,77.86,Autumn,0,258
25750,2022-09-15,S003,P0011,Electronics,East,275,213,461,158.05,15,Sunny,1,181.87,Autumn,0,246
25753,2022-09-15,S003,P0014,Groceries,East,1196,260,0,106.71,25,Sunny,1,120.64,Autumn,0,248
25846,2022-09-16,S003,P0007,Groceries,East,889,241,677,18.77,15,Sunny,1,21.19,Autumn,0,206
25969,2022-09-17,S004,P0010,Groceries,West,1020,263,0,28.79,25,Cloudy,1,28.77,Autumn,0,221
26060,2022-09-18,S004,P0001,Groceries,West,686,232,957,12.98,20,Sunny,1,12.29,Autumn,0,216
26066,2022-09-18,S004,P0007,Groceries,West,545,305,877,40.7,10,Sunny,1,43.2,Autumn,0,272
26652,2022-09-24,S003,P0013,Groceries,East,697,289,1007,103.12,10,Sunny,0,115.86,Autumn,0,271
26720,2022-09-25,S002,P0001,Groceries,South,444,228,736,90.27,25,Snowy,1,97.18,Autumn,0,245
26809,2022-09-26,S001,P0010,Furniture,North,519,197,724,142.06,20,Sunny,1,156.79,Autumn,0,182
26841,2022-09-26,S003,P0002,Groceries,East,301,301,1027,83.27,20,Sunny,1,79.69,Autumn,0,327
26843,2022-09-26,S003,P0004,Groceries,East,287,277,687,27.33,25,Sunny,1,27.15,Autumn,0,249
26860,2022-09-26,S004,P0001,Groceries,West,704,207,851,11.22,25,Rainy,1,9.79,Autumn,0,183
27402,2022-10-02,S001,P0003,Clothing,North,850,274,1135,68.98,15,Sunny,1,81.48,Autumn,0,238
27472,2022-10-02,S004,P0013,Groceries,West,311,297,911,27.05,20,Rainy,1,26.17,Autumn,0,268
27646,2022-10-04,S003,P0007,Groceries,East,834,141,810,20.68,5,Cloudy,0,23.36,Autumn,0,200
28166,2022-10-09,S004,P0007,Groceries,West,574,215,825,38.36,0,Sunny,0,35.15,Autumn,0,179
28243,2022-10-10,S003,P0004,Groceries,East,642,219,796,29.18,15,Sunny,1,31.22,Autumn,0,245
28446,2022-10-12,S003,P0007,Groceries,East,686,162,783,15.61,25,Sunny,1,17.03,Autumn,0,182
29066,2022-10-18,S004,P0007,Groceries,West,532,214,752,31.68,25,Sunny,1,29.9,Autumn,0,218
29254,2022-10-20,S003,P0015,Groceries,East,662,184,757,122.8,5,Cloudy,0,142.58,Autumn,0,194
29304,2022-10-21,S001,P0005,Groceries,North,624,223,857,62.02,25,Rainy,1,60.28,Autumn,0,196
29506,2022-10-23,S001,P0007,Groceries,North,371,289,924,29.73,25,Sunny,1,25.44,Autumn,0,254
29691,2022-10-24,S005,P0012,Furniture,North,446,186,862,135.27,25,Sunny,1,154.54,Autumn,0,185
30080,2022-10-28,S005,P0001,Groceries,North,289,289,492,15.5,20,Sunny,1,16.71,Autumn,0,283
30706,2022-11-04,S001,P0007,Groceries,North,816,187,826,32.91,5,Sunny,0,35.29,Autumn,0,217
30843,2022-11-05,S003,P0004,Groceries,East,1053,249,0,29.66,15,Cloudy,1,29.41,Autumn,0,229
30920,2022-11-06,S002,P0001,Groceries,South,521,222,675,99.18,15,Cloudy,1,109.78,Autumn,0,231
31355,2022-11-10,S003,P0016,Electronics,East,278,278,646,120.4,25,Sunny,1,133.79,Autumn,0,276
31363,2022-11-10,S004,P0004,Groceries,West,706,233,722,72.13,10,Sunny,1,82.71,Autumn,0,247
31502,2022-11-12,S001,P0003,Clothing,North,775,185,984,59.42,25,Sunny,1,67.08,Autumn,0,227
31506,2022-11-12,S001,P0007,Groceries,North,850,224,783,31.83,10,Sunny,0,30.99,Autumn,0,205
31560,2022-11-12,S004,P0001,Groceries,West,398,228,988,12.24,20,Rainy,1,14.2,Autumn,0,213
31853,2022-11-15,S003,P0014,Groceries,East,126,126,784,129.34,20,Sunny,1,128.61,Autumn,0,284
31893,2022-11-15,S005,P0014,Furniture,North,169,169,577,182.63,25,Cloudy,1,179.09,Autumn,0,185
32033,2022-11-17,S002,P0014,Electronics,South,807,130,886,149.89,10,Rainy,1,179.98,Autumn,0,195
32053,2022-11-17,S003,P0014,Groceries,East,520,337,0,121.48,25,Sunny,1,134.88,Autumn,0,311
32193,2022-11-18,S005,P0014,Furniture,North,685,125,0,192.06,20,Cloudy,1,202.24,Autumn,0,200
32546,2022-11-22,S003,P0007,Groceries,East,786,151,1029,21.59,10,Cloudy,1,21.3,Autumn,0,219
32660,2022-11-23,S004,P0001,Groceries,West,561,192,757,14.12,10,Sunny,1,16.77,Autumn,0,223
32672,2022-11-23,S004,P0013,Groceries,West,351,299,872,25.01,25,Sunny,1,22.66,Autumn,0,262
32926,2022-11-26,S002,P0007,Toys,South,457,248,714,35.52,15,Cloudy,1,30.6,Autumn,0,213
32946,2022-11-26,S003,P0007,Groceries,East,1397,302,0,19.94,25,Sunny,1,23.97,Autumn,0,289
33160,2022-11-28,S004,P0001,Groceries,West,712,207,797,15.44,0,Sunny,0,13.52,Autumn,0,195
33669,2022-12-03,S004,P0010,Groceries,West,672,208,769,27.16,25,Sunny,1,26.78,Winter,0,196
33702,2022-12-04,S001,P0003,Clothing,North,691,230,965,75.96,0,Cloudy,0,80.65,Winter,0,209
34159,2022-12-08,S003,P0020,Clothing,East,652,231,973,96.35,10,Cloudy,1,84.35,Winter,0,206
34180,2022-12-08,S005,P0001,Groceries,North,376,262,473,17.16,15,Sunny,1,16.07,Winter,0,278
34232,2022-12-09,S002,P0013,Groceries,South,339,220,772,30.94,10,Cloudy,1,34.95,Winter,0,264
34260,2022-12-09,S004,P0001,Groceries,West,577,168,741,10.83,25,Sunny,1,10.4,Winter,0,169
34266,2022-12-09,S004,P0007,Groceries,West,225,225,853,33.68,20,Sunny,1,28.62,Winter,0,217
34704,2022-12-14,S001,P0005,Groceries,North,889,248,844,76.87,10,Sunny,0,65.49,Winter,0,210
34757,2022-12-14,S003,P0018,Furniture,East,546,162,536,176.38,0,Sunny,0,172.47,Winter,0,143
34913,2022-12-16,S001,P0014,Groceries,North,605,283,762,90.65,20,Cloudy,1,86.33,Winter,0,243
35019,2022-12-17,S001,P0020,Furniture,North,240,205,837,121.99,25,Cloudy,1,132.65,Winter,0,176
35066,2022-12-17,S004,P0007,Groceries,West,837,216,931,33.15,20,Sunny,1,30.27,Winter,0,210
35069,2022-12-17,S004,P0010,Groceries,West,615,169,1002,31.2,25,Sunny,1,26.7,Winter,0,256
35104,2022-12-18,S001,P0005,Groceries,North,1038,233,919,68.35,25,Sunny,1,77.31,Winter,0,261
35106,2022-12-18,S001,P0007,Groceries,North,1151,339,1091,32.06,20,Sunny,1,37.76,Winter,0,284
35124,2022-12-18,S002,P0005,Electronics,South,423,248,800,108.41,20,Sunny,1,114.22,Winter,0,234
35192,2022-12-18,S005,P0013,Groceries,North,396,200,918,94.86,25,Sunny,1,94.59,Winter,0,284
35268,2022-12-19,S004,P0009,Clothing,West,297,223,776,170.7,20,Sunny,1,160.31,Winter,0,322
35272,2022-12-19,S004,P0013,Groceries,West,472,244,675,25.72,10,Sunny,1,27.73,Winter,0,216
35772,2022-12-24,S004,P0013,Groceries,West,406,168,747,22.54,25,Snowy,1,19.98,Winter,0,216
35919,2022-12-26,S001,P0020,Furniture,North,660,209,608,138.78,15,Sunny,1,157.76,Winter,0,178
35934,2022-12-26,S002,P0015,Clothing,South,849,196,1019,76.47,20,Cloudy,1,87.12,Winter,0,213
35960,2022-12-26,S004,P0001,Groceries,West,215,192,727,12.55,15,Cloudy,1,11.24,Winter,0,178
35963,2022-12-26,S004,P0004,Groceries,West,342,289,899,69.28,15,Cloudy,1,76.7,Winter,0,254
36023,2022-12-27,S002,P0004,Groceries,South,378,204,788,44.9,25,Snowy,1,47.74,Winter,0,225
36169,2022-12-28,S004,P0010,Groceries,West,285,285,1366,38.31,10,Sunny,1,43.34,Winter,0,292
36172,2022-12-28,S004,P0013,Groceries,West,677,289,731,24.56,20,Sunny,1,27.26,Winter,0,247
36193,2022-12-28,S005,P0014,Furniture,North,74,74,512,217.9,0,Sunny,0,258.8,Winter,0,163
37069,2023-01-06,S004,P0010,Groceries,West,1623,218,0,28.94,20,Cloudy,1,33.41,Winter,0,217
37136,2023-01-07,S002,P0017,Toys,South,187,187,760,24.54,20,Sunny,1,26.07,Winter,0,234
37560,2023-01-11,S004,P0001,Groceries,West,823,244,936,12.46,25,Snowy,1,10.68,Winter,0,226
37666,2023-01-12,S004,P0007,Groceries,West,307,236,1165,36.36,20,Cloudy,1,33.75,Winter,0,250
37841,2023-01-14,S003,P0002,Groceries,East,355,248,771,61.92,25,Sunny,1,54.32,Winter,0,217
37844,2023-01-14,S003,P0005,Toys,East,601,210,843,29.38,5,Sunny,0,34.48,Winter,0,204
38024,2023-01-16,S002,P0005,Electronics,South,686,135,921,126.41,0,Sunny,0,137.1,Winter,0,205
38152,2023-01-17,S003,P0013,Groceries,East,780,194,867,98.08,0,Sunny,0,94.62,Winter,0,182
38324,2023-01-19,S002,P0005,Electronics,South,358,210,1223,125.99,25,Sunny,1,142.93,Winter,0,339
38406,2023-01-20,S001,P0007,Groceries,North,740,221,871,28.77,20,Cloudy,1,27.71,Winter,0,212
38602,2023-01-22,S001,P0003,Clothing,North,403,352,1251,72.55,25,Sunny,1,65.74,Winter,0,296
38738,2023-01-23,S002,P0019,Clothing,South,1001,245,915,114.5,15,Cloudy,1,105.4,Winter,0,234
39568,2023-01-31,S004,P0009,Clothing,West,367,154,623,148.3,10,Sunny,0,167.19,Winter,1,224
39759,2023-02-02,S003,P0020,Clothing,East,615,232,949,95.26,10,Sunny,0,88.11,Winter,1,201
39780,2023-02-02,S005,P0001,Groceries,North,15,15,302,10.56,25,Cloudy,1,9.08,Winter,1,132
39902,2023-02-04,S001,P0003,Clothing,North,377,230,909,74.55,15,Cloudy,1,72.77,Winter,1,249
39947,2023-02-04,S003,P0008,Clothing,East,152,152,497,142.19,15,Cloudy,1,157.75,Winter,1,229
39966,2023-02-04,S004,P0007,Groceries,West,518,177,577,27.67,25,Cloudy,1,23.59,Winter,1,165
40068,2023-02-05,S004,P0009,Clothing,West,380,177,663,119.22,25,Snowy,1,103.92,Winter,1,188
40108,2023-02-06,S001,P0009,Clothing,North,151,151,295,121.04,10,Sunny,0,139.71,Winter,1,247
40434,2023-02-09,S002,P0015,Clothing,South,168,168,947,74.19,25,Cloudy,1,66.77,Winter,1,206
40502,2023-02-10,S001,P0003,Clothing,North,1023,217,0,77.49,0,Sunny,0,67.67,Winter,1,196
40732,2023-02-12,S002,P0013,Groceries,South,336,173,561,25.51,10,Sunny,1,24.03,Winter,1,163
40754,2023-02-12,S003,P0015,Groceries,East,92,92,755,106.46,10,Cloudy,1,120.78,Winter,1,160
40802,2023-02-13,S001,P0003,Clothing,North,636,160,975,67.08,15,Sunny,1,79.69,Winter,1,225
40901,2023-02-14,S001,P0002,Clothing,North,235,235,230,74.3,25,Cloudy,1,72.11,Winter,1,228
40934,2023-02-14,S002,P0015,Clothing,South,1066,176,0,69.73,15,Sunny,1,76.98,Winter,1,154
40959,2023-02-14,S003,P0020,Clothing,East,37,37,816,101.91,0,Sunny,0,95.03,Winter,1,186
41134,2023-02-16,S002,P0015,Clothing,South,742,153,910,82.4,10,Cloudy,0,96.03,Winter,1,196
41234,2023-02-17,S002,P0015,Clothing,South,589,249,0,77.27,20,Sunny,1,90.2,Winter,1,218
41447,2023-02-19,S003,P0008,Clothing,East,162,162,398,156.19,0,Sunny,0,142.42,Winter,1,180
41468,2023-02-19,S004,P0009,Clothing,West,367,120,525,149.98,5,Sunny,0,135.86,Winter,1,185
41470,2023-02-19,S004,P0011,Clothing,West,709,194,590,68.37,15,Sunny,1,61.9,Winter,1,179
41638,2023-02-21,S002,P0019,Clothing,South,324,159,699,108.01,10,Cloudy,0,98.94,Winter,1,186
41685,2023-02-21,S005,P0006,Groceries,North,580,155,776,65.75,10,Sunny,1,77.15,Winter,1,167
41747,2023-02-22,S003,P0008,Clothing,East,343,152,347,137.89,10,Sunny,1,147.11,Winter,1,193
42006,2023-02-25,S001,P0007,Groceries,North,389,150,724,24.55,20,Cloudy,1,23.15,Winter,1,151
42070,2023-02-25,S004,P0011,Clothing,West,639,178,789,69.72,10,Snowy,0,67.37,Winter,1,165
42466,2023-03-01,S004,P0007,Groceries,West,357,206,808,32.7,25,Cloudy,1,31.2,Spring,0,232
42589,2023-03-02,S005,P0010,Groceries,North,519,322,669,70.62,25,Sunny,1,79.77,Spring,0,272
42654,2023-03-03,S003,P0015,Groceries,East,229,229,761,103.53,20,Cloudy,1,112.31,Spring,0,195
42693,2023-03-03,S005,P0014,Furniture,North,375,180,485,186.69,20,Sunny,1,159.99,Spring,0,169
42760,2023-03-04,S004,P0001,Groceries,West,0,0,1016,13.5,15,Cloudy,1,15.3,Spring,0,229
42919,2023-03-06,S001,P0020,Furniture,North,406,191,788,124.35,25,Cloudy,1,112.54,Spring,0,164
43215,2023-03-09,S001,P0016,Groceries,North,476,285,826,53.47,15,Sunny,1,50.94,Spring,0,261
43302,2023-03-10,S001,P0003,Clothing,North,634,213,792,54.12,25,Cloudy,1,59.47,Spring,0,189
43444,2023-03-11,S003,P0005,Toys,East,769,170,693,22.66,25,Sunny,1,24.24,Spring,0,195
43526,2023-03-12,S002,P0007,Toys,South,199,199,738,43.05,10,Rainy,1,38.68,Spring,0,273
43530,2023-03-12,S002,P0011,Groceries,South,296,188,698,111.05,20,Rainy,1,131.64,Spring,0,236
43561,2023-03-12,S004,P0002,Groceries,West,446,238,438,21.56,25,Sunny,1,23.38,Spring,0,224
43595,2023-03-12,S005,P0016,Toys,North,604,251,689,42.73,15,Rainy,1,48.91,Spring,0,226
43772,2023-03-14,S004,P0013,Groceries,West,792,227,759,27.24,15,Sunny,1,32.09,Spring,0,267
43832,2023-03-15,S002,P0013,Groceries,South,584,208,765,28.36,20,Sunny,1,24.8,Spring,0,255
43852,2023-03-15,S003,P0013,Groceries,East,12,12,1247,92.27,20,Sunny,1,107.31,Spring,0,275
43888,2023-03-15,S005,P0009,Groceries,North,418,278,628,117.91,20,Cloudy,1,125.04,Spring,0,261
43906,2023-03-16,S001,P0007,Groceries,North,635,220,858,30.48,5,Cloudy,0,32.89,Spring,0,186
43930,2023-03-16,S002,P0011,Groceries,South,912,244,0,101.64,25,Cloudy,1,87.09,Spring,0,204
43961,2023-03-16,S004,P0002,Groceries,West,266,250,578,25.05,20,Sunny,1,28.58,Spring,0,262
44226,2023-03-19,S002,P0007,Toys,South,673,233,672,32.36,20,Sunny,1,29.66,Spring,0,199
44352,2023-03-20,S003,P0013,Groceries,East,1381,198,0,77.01,25,Sunny,1,84.88,Spring,0,222
44595,2023-03-22,S005,P0016,Toys,North,343,264,624,38.35,25,Sunny,1,45.65,Spring,0,233
44726,2023-03-24,S002,P0007,Toys,South,675,224,857,32.35,25,Cloudy,1,36.69,Spring,0,249
44760,2023-03-24,S004,P0001,Groceries,West,461,175,1006,12.44,25,Sunny,1,11.62,Spring,0,225
44772,2023-03-24,S004,P0013,Groceries,West,374,201,699,28.17,5,Sunny,0,30.07,Spring,0,232
44830,2023-03-25,S002,P0011,Groceries,South,353,163,724,123.64,10,Sunny,1,141.65,Spring,0,232
45554,2023-04-01,S003,P0015,Groceries,East,464,259,1105,140.0,10,Cloudy,1,119.86,Spring,0,251
45944,2023-04-05,S003,P0005,Toys,East,799,251,763,28.38,10,Cloudy,1,33.91,Spring,0,212
46006,2023-04-06,S001,P0007,Groceries,North,766,191,720,24.21,25,Cloudy,1,27.48,Spring,0,189
46093,2023-04-06,S005,P0014,Furniture,North,14,14,365,198.98,0,Cloudy,0,231.48,Spring,0,131
46247,2023-04-08,S003,P0008,Clothing,East,226,226,413,130.45,25,Sunny,1,146.45,Spring,0,247
46347,2023-04-09,S003,P0008,Clothing,East,0,0,392,150.2,10,Rainy,1,149.77,Spring,0,207
46443,2023-04-10,S003,P0004,Groceries,East,154,154,718,29.77,20,Sunny,1,34.75,Spring,0,283
46495,2023-04-10,S005,P0016,Toys,North,410,294,762,49.12,10,Cloudy,1,54.36,Spring,0,262
46506,2023-04-11,S001,P0007,Groceries,North,875,155,945,30.86,15,Rainy,1,37.28,Spring,0,238
46566,2023-04-11,S004,P0007,Groceries,West,609,217,772,37.87,10,Cloudy,1,33.79,Spring,0,216
46569,2023-04-11,S004,P0010,Groceries,West,758,128,817,25.39,25,Cloudy,1,28.01,Spring,0,190
46660,2023-04-12,S004,P0001,Groceries,West,620,136,625,13.89,0,Sunny,0,12.73,Spring,1,155
46838,2023-04-14,S002,P0019,Clothing,South,130,130,728,111.53,10,Sunny,1,99.77,Spring,1,199
46920,2023-04-15,S002,P0001,Groceries,South,327,192,454,80.7,25,Rainy,1,74.04,Spring,1,177
46924,2023-04-15,S002,P0005,Electronics,South,1270,4,0,54.85,15,Rainy,1,65.82,Spring,1,4
46947,2023-04-15,S003,P0008,Clothing,East,195,118,299,147.7,0,Rainy,0,146.94,Spring,1,159
47047,2023-04-16,S003,P0008,Clothing,East,77,77,341,151.96,0,Sunny,0,142.48,Spring,1,170
47447,2023-04-20,S003,P0008,Clothing,East,275,148,392,122.26,25,Cloudy,1,115.99,Spring,1,197
47560,2023-04-21,S004,P0001,Groceries,West,516,140,635,12.44,10,Sunny,1,13.73,Spring,1,172
47702,2023-04-23,S001,P0003,Clothing,North,276,229,848,57.83,25,Sunny,1,50.53,Spring,1,195
48038,2023-04-26,S002,P0019,Clothing,South,146,146,942,97.65,25,Sunny,1,117.62,Spring,1,242
48160,2023-04-27,S004,P0001,Groceries,West,575,86,508,9.59,25,Cloudy,1,10.58,Spring,1,144
48538,2023-05-01,S002,P0019,Clothing,South,1116,164,0,106.99,0,Sunny,0,121.68,Spring,1,162
48566,2023-05-01,S004,P0007,Groceries,West,151,151,763,35.2,10,Sunny,1,31.6,Spring,1,187
48641,2023-05-02,S003,P0002,Groceries,East,251,147,531,49.33,25,Cloudy,1,55.86,Spring,1,149
48663,2023-05-02,S004,P0004,Groceries,West,242,194,590,51.84,25,Sunny,1,61.05,Spring,1,185
48743,2023-05-03,S003,P0004,Groceries,East,191,175,541,28.03,10,Sunny,1,24.22,Spring,1,183
48759,2023-05-03,S003,P0020,Clothing,East,554,135,662,81.64,10,Sunny,1,88.93,Spring,1,162
48901,2023-05-05,S001,P0002,Clothing,North,237,237,247,78.22,25,Cloudy,1,67.97,Spring,1,250
48902,2023-05-05,S001,P0003,Clothing,North,399,166,655,49.96,25,Cloudy,1,59.73,Spring,1,158
48968,2023-05-05,S004,P0009,Clothing,West,326,132,581,131.42,10,Rainy,1,150.17,Spring,1,175
49020,2023-05-06,S002,P0001,Groceries,South,633,178,569,102.38,10,Sunny,1,114.26,Spring,1,220
49060,2023-05-06,S004,P0001,Groceries,West,449,126,407,11.41,10,Sunny,1,10.22,Spring,1,124
49201,2023-05-08,S001,P0002,Clothing,North,120,120,272,99.64,0,Cloudy,0,113.88,Spring,1,253
49244,2023-05-08,S003,P0005,Toys,East,227,92,577,19.75,20,Sunny,1,22.41,Spring,1,122
49268,2023-05-08,S004,P0009,Clothing,West,648,200,672,126.84,20,Sunny,1,136.66,Spring,1,207
49334,2023-05-09,S002,P0015,Clothing,South,638,133,547,88.03,0,Sunny,0,78.13,Spring,1,161
49460,2023-05-10,S004,P0001,Groceries,West,566,191,895,12.64,25,Cloudy,1,11.47,Spring,1,232
49541,2023-05-11,S003,P0002,Groceries,East,533,191,720,72.38,10,Sunny,1,87.56,Spring,1,228
49546,2023-05-11,S003,P0007,Groceries,East,488,79,458,14.22,25,Sunny,1,12.32,Spring,1,130
49850,2023-05-14,S003,P0011,Electronics,East,345,171,409,167.77,10,Cloudy,0,162.44,Spring,0,225
50013,2023-05-16,S001,P0014,Groceries,North,698,265,801,82.25,20,Sunny,1,93.19,Spring,0,222
50033,2023-05-16,S002,P0014,Electronics,South,77,77,873,135.87,20,Sunny,1,125.15,Spring,0,183
50130,2023-05-17,S002,P0011,Groceries,South,663,230,700,129.38,10,Sunny,1,114.9,Spring,0,229
50269,2023-05-18,S004,P0010,Groceries,West,470,164,721,27.89,25,Cloudy,1,27.04,Spring,0,207
50288,2023-05-18,S005,P0009,Groceries,North,572,229,683,138.8,0,Sunny,0,121.5,Spring,0,212
50344,2023-05-19,S003,P0005,Toys,East,250,216,761,26.21,15,Cloudy,1,31.71,Spring,0,203
50493,2023-05-20,S005,P0014,Furniture,North,351,183,518,182.88,20,Cloudy,1,157.24,Spring,0,161
50506,2023-05-21,S001,P0007,Groceries,North,784,183,710,26.09,25,Cloudy,1,25.79,Spring,0,198
50555,2023-05-21,S003,P0016,Electronics,East,459,204,531,124.15,15,Sunny,1,142.76,Spring,0,232
50669,2023-05-22,S004,P0010,Groceries,West,721,209,603,26.51,20,Rainy,1,30.03,Spring,0,182
50804,2023-05-24,S001,P0005,Groceries,North,431,218,707,76.07,0,Sunny,0,88.87,Spring,0,184
50922,2023-05-25,S002,P0003,Groceries,South,533,260,826,113.27,10,Sunny,1,126.88,Spring,0,266
50932,2023-05-25,S002,P0013,Groceries,South,472,206,676,30.79,5,Sunny,0,28.24,Spring,0,215
51011,2023-05-26,S001,P0012,Groceries,North,257,257,594,119.73,15,Sunny,1,116.7,Spring,0,285
51085,2023-05-26,S005,P0006,Groceries,North,215,215,1008,83.21,5,Sunny,0,74.33,Spring,0,218
51206,2023-05-28,S001,P0007,Groceries,North,755,123,830,27.47,15,Cloudy,1,30.51,Spring,0,189
51432,2023-05-30,S002,P0013,Groceries,South,483,231,652,29.76,0,Sunny,0,33.23,Spring,0,201
51665,2023-06-01,S004,P0006,Groceries,West,0,0,538,49.19,10,Sunny,1,57.83,Summer,0,248
51669,2023-06-01,S004,P0010,Groceries,West,197,197,1207,33.62,15,Sunny,1,36.87,Summer,0,257
51785,2023-06-02,S005,P0006,Groceries,North,903,193,1004,78.94,5,Rainy,0,86.64,Summer,0,218
51833,2023-06-03,S002,P0014,Electronics,South,801,141,891,143.04,20,Sunny,1,132.63,Summer,0,203
51841,2023-06-03,S003,P0002,Groceries,East,377,226,608,64.37,25,Cloudy,1,56.57,Summer,0,234
51846,2023-06-03,S003,P0007,Groceries,East,676,203,888,22.98,0,Cloudy,0,19.56,Summer,0,201
51852,2023-06-03,S003,P0013,Groceries,East,1199,240,0,97.54,5,Cloudy,0,93.4,Summer,0,201
51923,2023-06-04,S002,P0004,Groceries,South,542,195,627,54.61,15,Sunny,1,48.82,Summer,0,233
51960,2023-06-04,S004,P0001,Groceries,West,708,160,746,13.15,10,Rainy,1,14.47,Summer,0,194
51986,2023-06-04,S005,P0007,Groceries,North,189,189,527,97.3,25,Sunny,1,85.21,Summer,0,249
51993,2023-06-04,S005,P0014,Furniture,North,259,105,483,197.59,15,Sunny,1,184.88,Summer,0,168
52049,2023-06-05,S003,P0010,Groceries,East,278,245,280,52.11,25,Sunny,1,51.33,Summer,0,305
52120,2023-06-06,S002,P0001,Groceries,South,498,248,903,104.87,20,Rainy,1,102.31,Summer,0,260
52132,2023-06-06,S002,P0013,Groceries,South,639,231,683,25.03,15,Rainy,1,27.19,Summer,0,197
52188,2023-06-06,S005,P0009,Groceries,North,198,198,886,119.23,25,Sunny,1,118.1,Summer,0,272
52215,2023-06-07,S001,P0016,Groceries,North,414,244,671,44.2,25,Cloudy,1,41.84,Summer,0,232
52230,2023-06-07,S002,P0011,Groceries,South,495,202,607,103.68,25,Rainy,1,97.87,Summer,0,213
52247,2023-06-07,S003,P0008,Clothing,East,198,198,376,121.55,25,Sunny,1,145.65,Summer,0,216
52250,2023-06-07,S003,P0011,Electronics,East,421,305,502,152.26,20,Sunny,1,182.09,Summer,0,257
52260,2023-06-07,S004,P0001,Groceries,West,180,180,1209,14.77,15,Sunny,1,17.77,Summer,0,269
52263,2023-06-07,S004,P0004,Groceries,West,691,308,795,82.71,15,Sunny,1,77.23,Summer,0,316
52313,2023-06-08,S001,P0014,Groceries,North,712,136,775,97.67,5,Cloudy,0,107.35,Summer,0,222
52411,2023-06-09,S001,P0012,Groceries,North,400,251,581,105.99,20,Sunny,1,95.39,Summer,0,256
52432,2023-06-09,S002,P0013,Groceries,South,918,215,0,24.36,25,Sunny,1,26.51,Summer,0,238
52446,2023-06-09,S003,P0007,Groceries,East,667,189,856,18.93,10,Rainy,1,20.28,Summer,0,186
52485,2023-06-09,S005,P0006,Groceries,North,737,184,1084,83.14,10,Sunny,1,76.74,Summer,0,241
52553,2023-06-10,S003,P0014,Groceries,East,649,186,824,115.94,15,Rainy,1,127.66,Summer,0,230
52572,2023-06-10,S004,P0013,Groceries,West,505,220,594,24.64,15,Cloudy,1,23.3,Summer,0,201
52606,2023-06-11,S001,P0007,Groceries,North,172,172,1169,34.24,20,Sunny,1,29.15,Summer,0,291
52652,2023-06-11,S003,P0013,Groceries,East,744,171,714,84.52,15,Cloudy,1,91.73,Summer,0,208
52661,2023-06-11,S004,P0002,Groceries,West,0,0,551,30.32,10,Sunny,1,33.16,Summer,0,298
52666,2023-06-11,S004,P0007,Groceries,West,811,237,971,39.57,10,Sunny,1,34.56,Summer,0,235
52688,2023-06-11,S005,P0009,Groceries,North,951,189,0,129.67,15,Sunny,1,123.91,Summer,0,253
52692,2023-06-11,S005,P0013,Groceries,North,92,92,1101,112.54,20,Sunny,1,99.59,Summer,0,338
52694,2023-06-11,S005,P0015,Groceries,North,438,278,563,70.78,10,Sunny,0,60.53,Summer,0,246
52784,2023-06-12,S005,P0005,Groceries,North,292,250,407,21.69,10,Cloudy,1,19.47,Summer,0,220
52836,2023-06-13,S002,P0017,Toys,South,519,230,601,23.49,20,Cloudy,1,27.14,Summer,0,215
52880,2023-06-13,S005,P0001,Groceries,North,374,235,407,14.66,20,Sunny,1,14.15,Summer,0,234
52888,2023-06-13,S005,P0009,Groceries,North,633,276,847,155.05,0,Sunny,0,136.88,Summer,0,260
52913,2023-06-14,S001,P0014,Groceries,North,789,288,825,105.17,10,Sunny,0,94.95,Summer,0,257
53023,2023-06-15,S002,P0004,Groceries,South,987,264,1209,61.99,20,Sunny,1,70.91,Summer,0,351
53046,2023-06-15,S003,P0007,Groceries,East,807,158,1047,21.47,10,Cloudy,0,25.24,Summer,0,238
53115,2023-06-16,S001,P0016,Groceries,North,513,262,619,43.92,25,Cloudy,1,47.32,Summer,0,252
53124,2023-06-16,S002,P0005,Electronics,South,635,214,893,106.87,15,Sunny,1,128.02,Summer,0,203
53152,2023-06-16,S003,P0013,Groceries,East,804,213,785,94.02,0,Sunny,0,105.59,Summer,0,186
53153,2023-06-16,S003,P0014,Groceries,East,640,200,630,119.66,10,Sunny,0,104.41,Summer,0,197
53154,2023-06-16,S003,P0015,Groceries,East,509,326,1275,134.17,20,Sunny,1,156.69,Summer,0,313
53157,2023-06-16,S003,P0018,Furniture,East,735,154,0,177.14,0,Sunny,0,168.17,Summer,0,144
